BVP_mean_rate,BVP_std_rate,BVP_inter_peak_time,BVP_RMSSD,BVP_SDNN,Temp_mean,Temp_std,Temp_min,Temp_max,Temp_slope,label,subject_idx
2.3109677606734933,1.1311782455110777,-2.2810209412954334,0.9569952750674928,0.9742140388107414,0.15314099913868864,0.07283511199040296,0.1386410459051531,0.26673435871508194,-0.6302861874760394,0,2
1.5945926387152831,1.316151794046542,-1.2767866223094728,0.6237944206391298,1.0198815338267462,-0.770541027245629,-0.4468115669549085,-0.7080596273016686,-0.9257251273053134,0.366878529456624,0,2
0.40457805149813536,0.33759964952179394,-0.5042355623571672,0.09090297502656605,0.3104581871582128,0.09752663629356965,1.1659723015907966,-0.049514659251940665,0.26673435871508194,1.7692876505824853,0,2
0.26535143641638076,0.3230654491427365,-0.4670738331237599,0.04370950774711194,-0.10536652148915537,0.2603396985358738,0.2535568282170882,0.32679675106224687,0.4654776063851831,-0.8789669822671112,0,2
-0.2725741784420888,-0.453724979388957,-0.21671194838225183,-0.5807398024772348,-0.6697507150637848,0.417510723967684,1.0506141819651,0.32679675106224687,0.6642208540552137,1.7476698682576155,0,2
0.6580272329030963,0.9116371522543559,-0.26827578622930026,1.0806881056915225,0.7311856800654511,0.7866611324179779,0.2511978743383479,0.5149524562192738,0.6642208540552137,-0.8784074631951573,0,2
-0.2656556130537443,0.7278436005449292,2.0597331817775903,2.7874884168713834,2.884852339418009,-0.1321848624145664,-0.5490675232173884,0.1386410459051531,-0.13075213662504984,-0.5098369908989712,0,2
-0.4867445491587226,-0.5570574260904191,0.0017489083625286796,-1.050304784495964,-0.8640216118610807,0.2772658089670119,1.4044694955068118,0.1386410459051531,0.6642208540552137,1.8712727177855655,0,2
-0.9206262636394114,-1.0098352640135217,0.5461667455881126,-0.5312343565735204,-0.8808728193739015,1.1090632358679788,-1.4429589341659574,1.2675752768475153,0.8629641017253149,0.013262475992268052,0,2
-0.5942004839648131,-0.43706348984312043,0.3691523087341131,-0.3657718483208828,-0.47564363960052725,1.2251279931099903,-1.0118714507243507,1.455730982004609,1.0617073493954161,0.08711899348795994,0,2
0.8847661304932254,0.8404733103387264,-0.9572783325226762,-0.031907125092670394,0.15118352566254883,1.0091185837984538,-0.9440156370263896,0.9853417191119748,0.8629641017253149,-0.2377072604567344,0,2
0.7501241221440919,0.796529412497546,-0.7521478190899522,0.04223983302571879,0.2572905370579954,1.1203473094886918,-1.0830146582451294,1.2675752768475153,0.8629641017253149,0.7397216928475907,0,2
-1.1476433914466604,-0.892218913548188,1.090038526808457,-0.1535324578242251,-0.6030771726221366,1.3347447082830621,-0.6366872091658344,1.2675752768475153,1.2604505970654467,-0.10474518281635664,0,2
-1.60000813970773,-1.825008123918423,1.4032177062850901,-1.33937640887197,-1.3126575413953296,0.03627023663809419,2.333244785507785,-0.5199039221445748,0.4654776063851831,-1.837270556385248,0,2
-0.9699159075459358,-0.945558763513728,0.7782084268741829,-0.650047855431701,-0.6087070782917373,-1.11792929371308,-0.7921617235529311,-0.802137479880182,-1.3232116226454451,0.47201724961069313,0,2
-0.638131255222799,-0.05822048565896257,0.6903255309718177,-0.3358718945266564,-0.25055736850118715,-1.0655389519024308,0.009891321858100505,-1.1784488901943027,-1.1244683749754145,-0.8047544071801671,0,2
-0.6200486885161923,0.0029520054236765155,0.7951682839781495,-0.1298053547383966,0.08066491091220591,-1.5838003331982917,-1.0103782123446774,-1.3666045953513297,-1.8200697418206628,0.5957218298789828,0,2
-0.5991367929325384,-1.8785186252668065,-0.37416951004023846,-1.7141161108169765,-1.5502162964787298,-0.9647882945742539,0.28958480920358387,-0.990293185037209,-1.1244683749754145,-0.6003264844423091,0,2
1.2462778907868213,1.669775451960744,-0.6360592640297307,1.256889465101276,0.9111400117656512,-2.192334303460131,1.0856002052195552,-2.2133052685581514,-1.9194413656556781,-1.1806494927816906,0,2
0.742384921588183,7.847323758052475,46.42481840309097,162.17096109763787,127.6536585901344,-1.7176666666666733,-0.00913118552920092,-1.7352631578947424,-1.7331578947368413,-0.00018175754147782054,1,2
1.2880676080544333,7.48812782878014,58.472804575171835,283.9806444712452,192.0885560098409,-1.8173333333333375,0.011099302817028995,-1.8452631578947418,-1.7931578947368436,-0.0017795630589346873,1,2
10.8910335347543,20.322650461514712,11.754387730822145,292.8121727765216,196.80083057260657,-1.930333333333337,0.006080699514741123,-1.9452631578947432,-1.9331578947368442,-0.0012406648141734251,1,2
8.343112398860967,13.429109036530996,6.815378676496152,251.455825784478,188.19598212199116,-2.051166666666674,0.016614270870705824,-2.085263157894744,-2.0531578947368416,-0.002045539898810426,1,2
6.740968654842831,14.348002806514664,44.5865831089734,347.54785090062114,272.97890871662804,-2.2012500000000017,0.006778747474435815,-2.2352631578947424,-2.193157894736842,-0.0014621269923363216,1,2
-2.548054863790682,2.549706992563614,59.64625281018721,131.31628173973303,102.97883094317842,-2.3440833333333373,0.015437756557710392,-2.365263157894745,-2.3431578947368408,-0.002034498040444821,1,2
0.3761231861298455,7.933950231956512,55.207879202037475,251.06889810549382,154.1154554990386,-2.4638333333333335,0.010760898830612025,-2.4852631578947424,-2.45315789473684,-0.0017384512340765732,1,2
1.4609599152248336,9.062293314443718,27.932570960635758,125.02063853902791,102.27105260187261,-2.6808333333333394,0.053435920076631574,-2.7452631578947404,-2.5931578947368408,-0.004283634310171646,1,2
-2.517478213472856,9.851631151264534,96.63161987367926,226.88996185297128,161.55715207290615,-2.9151666666666713,0.03865597174799176,-2.9652631578947393,-2.853157894736839,-0.0034194526403510004,1,2
-2.565567371218876,10.663750884101894,116.98192229303413,404.1714580648553,212.35621272394928,-3.110833333333339,0.02544687718874401,-3.145263157894739,-3.0731578947368376,-0.0025619377529397516,1,2
1.1461835073873694,0.5566932004148624,-1.5414577253221007,-0.7053106415536834,-0.0719846590729238,-1.5521992927399004,0.1287657093106855,-1.6315970345396706,-1.6489521123956485,-1.1837047303879693,0,3
1.3454828615217613,0.2956141808073009,-1.793489261176342,0.8267222363679754,0.278905673954385,-1.5967865365746388,0.2626248396622817,-1.6315970345396706,-1.5690284130703371,0.941318754306101,0,3
-0.6769205496773292,-0.22093271362193062,0.5854666970519002,-0.5851316200781669,-0.48755532216225134,-1.2601933794802955,0.14878785067345066,-1.235679491037059,-1.1294480667811941,0.394134946160535,0,3
-0.8593048519133376,-0.7228855971051007,0.7664579220339724,-0.9477678942046887,-0.43883740559041395,-0.8242112024925075,-0.09123596101467846,-0.9189454562349807,-0.9296388184679293,-0.7697736286195562,0,3
0.9531853185983347,0.4665966895018561,-1.1942090513886008,0.43231066711902816,0.19490462904876946,-1.1210811787158712,1.1237330020511398,-1.1564959823365535,-0.8097532694800045,0.9491100848148112,0,3
-0.018966438121100732,-0.7149744253490119,-0.6245365345668539,-0.13625933412835536,-0.36083535448217857,-0.6682369167869341,-0.7125936990977328,-0.6022114214329026,-0.8097532694800045,-0.01980568046180515,0,3
-0.17962244283931209,0.3719200128648249,0.31226470334127865,0.1368190184765478,0.03955635469348544,-0.705852337040256,-0.8811307626486171,-0.6022114214329026,-0.9296388184679293,-0.34547948578338944,0,3
0.8436421645104989,0.6489505752866486,-1.0327835807380978,0.012504969634986561,0.15708384879611417,-0.6457000917213673,-0.7787243560216836,-0.523027912732369,-0.7298295701546929,-0.3708441717792734,0,3
0.5886044813371198,0.3049321585591307,-0.6417822883276203,0.8154119331077152,0.6089785260738264,-0.421791059954858,2.553596999508445,-0.523027912732369,0.14933112242359284,2.3043729748999433,0,3
1.9991507055309259,1.7810434052986566,-0.5883004243422958,3.1254988929662972,3.3600192174875407,0.8889117733547184,0.9412832436270481,0.5855412090749326,0.8686444163512838,1.2617824645320386,0,3
-0.042428779896566626,0.39560611347681474,0.19139456736254107,0.4593132651851187,0.14882810330441829,1.057856893630417,0.2846809290867426,1.0606422612780497,1.1883392136524735,0.7599941101815515,0,3
-1.5036842430887682,-1.7050575273631785,1.3554420673905665,-1.030555167923026,-1.0084222200800923,1.6593793468191922,-0.5487992862117954,1.694110330882206,1.5879577102789746,0.10409361936341488,0,3
-0.33756477312290284,0.34434884168481117,0.6943569914115462,0.3557565863445372,0.3337812954824331,1.2944124891027606,1.997061789285812,0.9418669982272634,1.5080340109536914,-2.4963915234390575,0,3
-0.5950707843167986,-0.23953019124382194,0.5114212968873385,-0.6200883134543641,-0.3221302206425357,0.7517451977757922,-0.23806851923054853,0.823091735176477,0.7087970177006889,-0.8956159986449637,0,3
0.6596497235306622,0.616095712324584,-0.644361362986811,0.09440076050321933,0.3515727222204845,0.6239824772602034,-1.032573986083065,0.823091735176477,0.42906407006214087,-0.06859198225334541,0,3
0.09552780637462474,0.8818827965362962,0.07255586224059085,0.04691554171949214,-0.04271551130165077,0.5978786726878488,-0.8645998431311964,0.7439082264759717,0.5489496190500941,-0.47613190703967656,0,3
-0.5035521557276399,0.22204721154419954,0.7398575786975411,0.3473570242235753,0.02907398016809705,0.5088663204504763,-1.0181933526832183,0.6647247177754381,0.3491403707368293,-0.17776585791422117,0,3
-0.7472345891200758,-0.2912337364678808,0.6595120972164601,-0.7887484090914683,-0.5442368323879824,0.5198915298350759,-0.979219702568649,0.6647247177754381,0.3491403707368293,-0.042055739225008146,0,3
-2.167076960967506,-2.9911167071490605,2.1721904452149596,-1.839149515214748,-2.2259868255095205,0.8931272945899781,-0.2953948945144218,0.823091735176477,0.8686444163512838,0.1313537512898712,0,3
30.860305845177095,2.3989632789760442,-321.5626736215414,-36.08160852862164,-50.62841071211716,-0.3369780701754408,0.022893165437211045,-0.35210526315788826,0.17736842105263406,-0.002863476248216974,1,3
22.337199952818494,-7.382194216771328,-290.2112125825804,-117.95368743874792,-86.89187262391627,-0.45743640350877257,-0.006194863354659991,-0.44210526315789167,-0.4626315789473665,-0.0013262446990582179,1,3
19.907789615561896,5.192005801879464,-196.6874432775611,186.42667098970225,103.66106074868225,-0.5265197368420971,-0.013831466950570252,-0.512105263157892,-0.5426315789473648,-0.0010557886147511632,1,3
23.71784678200588,-2.1513134717918803,-282.2489956836257,-38.09111134620275,-43.805264813532034,-0.6072697368421061,-0.00421587413962796,-0.6121052631578934,-0.6026315789473671,-0.0016092357232078882,1,3
12.785593834665377,-2.090846402231392,-180.46418877305666,20.8221331478382,-30.354685335496242,-0.6849364035087717,0.0012003143166995772,-0.6721052631578885,-0.7026315789473685,-0.0020577157315413617,1,3
9.531760994015144,-5.0756838251423275,-149.92103401115185,-11.220513980992166,-13.392254082403724,-0.7546030701754418,0.0042168128210500755,-0.7821052631578951,-0.7626315789473637,-0.002159800837185622,1,3
23.230313238282093,-1.7229510538264492,-277.9949367650245,11.475291906275459,-48.63887006571599,-0.8671864035087751,-0.012785176151235825,-0.8521052631578883,-0.8926315789473662,-0.0013411407910041426,1,3
11.994716610399763,1.1380172450769876,-132.9664532658103,142.19904353826774,72.03235134467769,-0.9493114035087729,-0.0013483124356738069,-0.9521052631578932,-0.9626315789473665,-0.0019302656021989108,1,3
13.602384713380047,0.6931659948615234,-180.87443420684656,26.069374459342043,-23.458281553980783,-1.028394736842106,-0.015991045471249302,-1.012105263157892,-1.072631578947366,-0.001018131710985478,1,3
11.04052760617833,-0.9715266886308065,-157.51031972543763,23.159913315899814,-28.319898729829475,-1.0663114035087737,-0.015181973069584725,-1.052105263157891,-1.102631578947367,-0.0009864992173657817,1,3
1.719687313676929,-0.21968822659233142,-2.3210351237066043,-0.42672766812517504,-0.39034536548135995,-2.3496040823634896,4.19901016497417,-3.078215365445644,-1.8050517305660807,3.9810263396549335,0,4
-0.19006806194114234,-0.7243577539305145,-0.19038272404194315,-0.6763547371845127,-0.588213897661475,-1.064181118717676,-0.15800479594922645,-0.9958932064676933,-1.0930244043220172,-0.19441954153083607,0,4
-0.7578946625963365,-1.79159079994418,0.30452666094838643,-0.5571571509174134,-1.0605958089222076,-1.0140469131784604,-0.2985022436419087,-0.7242859683401932,-1.0930244043220172,-0.41503124362129834,0,4
0.5771787016202788,1.1825222047479833,-0.24480461576030743,1.1685605494825506,1.0001860010189854,-1.0790858825266736,-0.3715315883385317,-0.7242859683401932,-1.3303668464033997,-0.2672236027391668,0,4
0.03481227454687912,0.6394423438824378,0.11025699899616888,0.878832736748272,0.3654201732473076,-1.0095303180848387,-0.4178807164547705,-0.7242859683401932,-1.3303668464033997,-0.48889507281748945,0,4
-1.2080713507849594,-1.4272009708560123,1.2061854382363173,0.13314891912983834,-0.3477130636179233,-0.8640959560701139,-0.1455547936224451,-0.7242859683401932,-0.8556819622406345,-0.06766729105035194,0,4
0.9283065510337112,0.2641806184309993,-1.3593497352456176,0.21029754416715993,-0.5758538228713279,-0.6445894345197785,-0.2582670574444646,-0.3621429841701288,-0.6183395201593361,0.05210648720779193,0,4
-0.24675358484753523,-0.8931599007517543,-0.09638127471022381,-1.0301111736075905,-0.5250583556957454,-0.3230078638535784,-0.1877022598627508,-0.3621429841701288,-0.3809970780779535,0.16648144741413862,0,4
-0.9485605857458597,-0.5560648843941477,0.9181860922148805,-0.6233938367149018,-0.6629645153356447,-0.05020552019853837,-0.43937114253926196,0.18107149208500006,-0.2623258570373044,-0.2778212826184362,0,4
0.6236264482711211,-0.3297923243079321,-0.9754803551381088,-0.20764671346932267,0.1751829252512154,0.1977555504414286,0.014440001806029654,0.36214298417006446,0.3310302481660258,0.3449423774565055,0,4
-0.8401618349726095,-0.44458504636404944,0.8758769099385344,-0.4302241396499843,-0.1817428114240522,0.6168955751298715,-0.22616357640533652,0.4526787302125645,0.5683726902474084,0.03117107054060345,0,4
-0.814935702242723,-0.03978355615243012,1.0715568779666322,0.8447843483547804,0.16391177719319514,0.8061409095527571,-0.2957639511301059,0.7242859683401289,0.8057151323287911,-0.11113777417772173,0,4
-0.7770966980468647,-0.6411570297992933,0.5463672615320811,-0.6777942234239682,-1.2055538207481171,0.8603400506762938,-0.16184363110705283,0.7242859683401289,0.8057151323287911,-0.0788248483571528,0,4
-0.5677540015959626,0.26519910663785945,0.6854855896949805,-0.6568412854631137,-0.38033262583674815,0.8910528973128903,-0.29236732890876743,0.905357460425129,1.0430575744100894,-0.5893530798240235,0,4
-1.4067349955995343,-0.9137516418053563,1.4989929471245322,-1.5080289399487423,-1.1911129937923095,0.7672981917475955,-0.29428654179665303,0.7242859683401289,0.8057151323287911,-0.6520993429582392,0,4
2.0823889984198587,1.7929421324206887,-1.3597787444365332,2.4462596908350434,2.9707965728702286,0.8458869463766738,-0.16241153628598465,0.7242859683401289,0.8057151323287911,0.09649676896626481,0,4
1.6334074657158681,1.8193224191610433,-1.1233946802429235,1.9025197587648714,1.667938354960208,1.232507486391164,-0.27556332623240803,1.0864289525101933,1.2804000164914722,0.08529922041445759,0,4
-0.18047683017105065,0.9305598729106177,0.5099741937265809,-0.8296060774631905,0.20036516637423618,1.265930290084026,-0.39691415443516626,1.0864289525101933,1.2804000164914722,-0.42878823184192133,0,4
0.3391005552599405,1.0869634367063772,-0.05680171709686878,0.039482398485385276,0.565686110471524,0.9145391917998306,0.16867847737463407,0.7242859683401289,1.0430575744100894,-1.1862624001180562,0,4
13.81879725146824,8.66718772300398,-118.00716978044227,144.73053743450038,93.66251241673521,-0.2710899122807007,0.003969913338329679,-0.2700000000000031,-0.18210526315789366,-0.001036703853593903,1,4
14.974276587483075,9.029398270115436,-126.0428840661566,103.23410479116745,94.78789655765283,-0.3107149122807158,0.005639233182916321,-0.30000000000000426,-0.2921052631579002,-0.0013252331683390518,1,4
18.956220605698974,9.243090193531746,-175.26907454234708,84.38074813493932,66.02730546665802,-0.37721491228070647,0.00969121403725752,-0.38000000000000256,-0.3621052631579005,-0.0016901006139543344,1,4
10.531999328756754,-0.24774546343927284,-121.3553840661566,62.18873467104555,50.76905920508469,-0.4559649122806988,0.010516554501879934,-0.46000000000000085,-0.43210526315789366,-0.0016696141471754097,1,4
8.470593804712408,8.976655799617191,-57.70497197824443,125.81200480932131,93.90216051739358,-0.5114649122807009,-0.0035843097365232564,-0.5,-0.5221052631578971,-0.0007494592833757365,1,4
19.437115165223616,6.823663742727643,-198.15284647217163,20.358722725690313,23.56021905407124,-0.5448815789473755,-0.005173662594405005,-0.5200000000000031,-0.5321052631578951,-0.0005548031261507609,1,4
22.13693423753999,10.975032290803117,-203.8026243258969,97.6292981622143,48.93926545711156,-0.5773815789473815,0.0034989628238265742,-0.5800000000000054,-0.5721052631578942,-0.0011502301300918261,1,4
24.626129185354927,6.592093323825026,-245.840062196668,57.04402927862657,2.3453120954781355,-0.6345482456140417,0.0074479372093923316,-0.6400000000000006,-0.6121052631579005,-0.0015196809886136235,1,4
13.901568329749779,5.630994061937724,-136.00692176456926,65.05339859691554,61.663380807568416,-0.6963815789473671,0.0016318659034529163,-0.6799999999999997,-0.6821052631578937,-0.0011163406528439436,1,4
21.90216914905318,8.611786192378467,-201.97632562459808,38.040644261610566,57.175431415818736,-0.7537149122807065,0.0015529701832531113,-0.740000000000002,-0.7521052631578939,-0.001143563347682429,1,4
2.4130786060814025,1.3004107521261101,-1.603957383532826,0.453655020667841,0.5022359498892459,-1.5891059420129117,1.9464521462613018,-1.6947809913660308,-1.4152119776724663,-2.123632879359639,0,5
1.37001180591155,1.1905798590049885,-0.7571816735129884,0.3871269294003482,0.5704235002537916,-2.016779535801463,-0.6108118364554833,-1.8014062855248214,-2.2890598609746236,-0.02938872671355285,0,5
1.231397079693767,0.6391381215913045,-1.2251259165868071,-0.647396209662357,-0.44172261337982704,-1.4262350719435688,2.160753329889303,-1.6033878820870642,-1.1785448426114593,2.0703040906144596,0,5
-0.3987198045283809,-0.8105514048302528,-0.22115473255350004,-0.7504044859605288,-0.8157905225159303,-0.9655471126004371,1.2163140278250533,-1.0854935961729453,-0.9418777075504521,-1.632600753058098,0,5
-1.7523291188668955,-1.0227882722212747,2.2179162870419766,1.929792833459478,1.4910570005332904,-1.408077170888535,-0.4053612503194632,-1.2378154449712193,-1.560853291556157,0.37666469501796146,0,5
-0.43992915896675405,0.835192132329996,0.9263552495159282,0.5095223745190133,0.5881946994613448,-0.8728317693346002,0.630073585597028,-0.8722430078553638,-0.7234157367249161,1.0608814019675368,0,5
0.8952921645638312,1.6967619578330857,-0.6468045282739924,-0.4567146467564269,-0.3100064311476242,-0.01693434233162845,0.7451689309055322,-0.20202687314297085,0.11402181810632496,1.2014211379421467,0,5
0.4900625837910368,0.7241922618326544,-0.776973437486877,-0.9540666612952572,-0.8300532840576886,0.7871030187793417,1.137525568996454,0.5291180010887404,0.933254208702095,1.3933138990294383,0,5
-0.6086344091416822,-1.4448669758834407,-0.1599971178008513,-0.8751959795395288,-0.9357607122673193,1.0572705769011392,-0.9317337286764071,1.1079410265221774,1.0242800298794112,-0.3085112838826388,0,5
-0.25585575013690537,-0.865121227552832,-0.43092681425591467,-1.0074330420780861,-0.9881994847581721,0.9813375361255626,-0.6373979464896915,0.9708513626037276,0.933254208702095,-0.48550335399702427,0,5
-0.8241035842160777,-1.1827073384203737,0.03432665786900806,-1.2381498372528392,-1.1853310126344108,0.8042980008390248,-1.0136814010991422,0.8946904382045959,0.6965870736411007,-0.11863938903890252,0,5
-0.06805766049581201,1.0233953317127629,1.6768246844296826,2.391896397280918,2.7197710875372088,0.8971509039613438,-0.684296281880111,0.9556191777239035,0.8422283875247915,0.2455386144562912,0,5
0.5391982263687776,0.17210248822389101,-0.674436875668307,-0.19625552788512335,-0.27457132296365105,0.8392382043843074,-0.9000645438140576,0.8946904382045959,0.7694077305829461,-0.21993850706938148,0,5
0.14949465320548075,1.0074953889124758,0.40413420138592726,0.7243456582409328,0.7857754954144194,0.8829822387441488,0.22400384340600665,0.7271364045264977,0.933254208702095,-1.0137040708284375,0,5
-0.8913906093206735,-0.6382684179930398,0.9953790263748665,0.8407080973844678,0.788450333111546,0.3431973619264586,-0.29719775429450973,0.4072605220501254,0.4053044458737064,-0.73106418317218,0,5
0.7468190766078162,-0.21477442997660479,-1.1235444348992125,-0.6467268041072206,-0.7272340998685443,0.21361597712466052,-1.1349149096820539,0.3767961522904663,0.022995996929008562,-0.1819257572225861,0,5
-1.2800345704608178,-1.1720577865250608,1.0785044350651976,0.5703979404879296,0.41772756396574856,0.21416621655057705,-0.9522637506965845,0.346331782530818,0.11402181810632496,0.1270109721850046,0,5
-0.5377088861117214,-1.2348043083754958,-0.30668342686923306,-1.2158249788670736,-1.233026523649537,0.5002907180237542,0.10330227000113786,0.48342144644925705,0.5873560882283263,0.7982455320637565,0,5
-0.7785906439779678,-0.0033281317889055713,0.5933457997578978,0.1807229219635131,-0.12193962292387914,0.7748601915528253,-0.595870299474302,0.8032973289256293,0.7329974021120169,-0.42847143893415424,0,5
27.435502031461382,7.589558558969937,-266.26471476008203,-52.82768247463349,-45.51581496474631,-0.7934254385964934,0.013352872252385573,-0.8726315789473631,0.10263157894737418,-0.00021342293040539363,1,5
20.351760119301076,10.476496610068974,-201.31794278205996,-60.316363762478375,-43.45495295824941,-0.8671754385964974,-0.03192154401684729,-0.8126315789473679,-0.917368421052629,-0.003252295133047741,1,5
26.962464874935435,8.248596887131615,-268.201426944956,-112.27075916450144,-77.15230113304281,-1.0380087719298174,-0.01071301254126758,-1.0226315789473617,-1.0773684210526255,-0.004393078827209163,1,5
21.73017429460191,7.79161366766645,-224.2446254743677,-67.37446681909114,-55.89060097930968,-1.145175438596489,-0.052882810946392966,-1.0526315789473628,-1.2373684210526292,0.0006291611422347179,1,5
26.10840067054781,5.39864551600272,-273.7161328273089,-107.11310700470864,-93.0869877368088,-1.1945921052631618,-0.037505375476570776,-1.1526315789473642,-1.2373684210526292,-0.002897115355621119,1,5
30.146905616123064,12.440262697199248,-267.6499563567206,-55.10201902014734,-31.467190095143167,-1.3373421052631613,-0.036289642738273946,-1.2526315789473657,-1.3773684210526227,-0.0021282478405601096,1,5
15.44093978891864,9.96230604890361,-151.7756614332718,-39.31904812599089,-23.508477027739957,-1.3190921052631595,-0.04590245950411886,-1.2526315789473657,-1.3773684210526227,0.0011646912729662163,1,5
23.601139558832173,12.67602106069985,-210.33236585898305,20.320900594348643,-1.8072544623320255,-1.2240921052631535,-0.05337098154727295,-1.1526315789473642,-1.3173684210526275,-0.00011651152569350129,1,5
18.472423499404044,6.793240745581059,-186.02505310594665,-63.39945887987926,-13.052923573175065,-1.2591754385964933,-0.05268989774680705,-1.1826315789473654,-1.3373684210526235,-0.0019435918569493055,1,5
20.083170513471828,7.950343871857992,-198.13362709774435,7.499118541509347,-4.162715946459571,-1.3457587719298303,-0.05734825328275915,-1.2526315789473657,-1.437368421052625,-0.0016059818289973571,1,5
0.7281523447193506,1.209956277199323,-0.1378514868810283,1.9028930791067185,1.8484779270384344,-2.0642275408206268,0.8410096431026514,-2.037372089606444,-2.090479764998389,0.8618798582068566,0,6
-0.13335734940009675,-0.2812361188984008,0.07563786637597411,0.5310053499841406,0.40660324432789763,-1.8173053925283702,0.22550515151932302,-1.7528196971083987,-1.8760394291767193,0.35947974802196675,0,6
-0.999514653926783,-0.4425305639093438,1.153102667450632,-0.1495030090230945,0.3542195466428304,-1.4981504371914154,1.0264929606826418,-1.5120445957639013,-1.49481216549375,1.0039533763459292,0,6
-0.29290799629709285,0.34111031797350827,0.37385132475971106,0.9438503646050386,0.09011679390917011,-1.2552201019200406,0.3785746609338772,-1.2056035576890836,-1.3041985336522612,0.4735836700836858,0,6
-1.0823427920724638,-0.8144776643835292,0.9911714691633469,-0.5267329255582361,-0.46824969890230306,-0.9756031041233438,1.3051302926366501,-0.9867171019213543,-0.9229712699692922,1.2321010708004285,0,6
-1.4389842772265873,-1.0898690940295777,1.2541064154668031,-0.8774309422863507,-0.9322650430110709,-0.5613099384551505,1.8205466479490193,-0.6583874182697683,-0.47026389434577226,1.6378256255115515,0,6
-1.4611573566745661,-1.302608578592776,1.246072026420061,-0.863530179506194,-0.9924351620818199,-0.17011226240782368,1.4107609350383563,-0.26439179788786205,-0.112863334642984,1.3177993116847146,0,6
-0.9668604680871191,0.062301083886285934,1.0719935970740122,-0.0661757103630179,-0.44341726990342206,0.15274937644852743,1.235145575850894,0.08582653134049995,0.24453722505979583,1.1649740402148097,0,6
1.0255384070584748,1.4671888857423054,-0.21405520748251175,1.2263311400721122,2.2071313594639648,0.4220541906079286,-0.26383599624547754,0.41415621499208594,0.4113241529210953,-0.06008674926400429,0,6
-0.32476506102075203,0.9504813813538592,0.8157011547212475,1.2580141344928375,0.6231471853673207,0.5668049341988108,0.35033887249432744,0.5345437656643346,0.6257644887427649,0.4458471539736827,0,6
0.024044789669230723,-0.6352633757761803,-0.6097283721440683,-2.141456485623573,-1.4879712283693116,0.7120784152090884,-1.0070898805469337,0.7315415758552956,0.673417896703135,-1.308515685142912,0,6
-0.44814471856627985,0.8233803734249063,1.009822729450423,0.902944811642963,0.9636524422432144,0.6723503713345163,-0.7972821536989384,0.6987086074901354,0.673417896703135,-0.8342054703733343,0,6
1.2797600234233926,0.0742142778733659,-1.555145633452509,0.4632707756206605,-0.15819535220503184,0.8171961580925576,-0.48613489441195745,0.8081518353739922,0.8163781205842452,-0.22386677919750228,0,6
0.7090357165544393,0.9918465356325508,-0.3857819017957183,0.44048627433137866,0.8243836678106918,0.8790692599163725,-1.1668264668979904,0.9066507404694727,0.8402048245644345,-1.1460063169666677,0,6
0.7686670733389164,-0.27929803629011074,-1.2940763266500268,-0.8019881062175531,-0.9772784365537031,0.8547382091223645,-1.042517151917794,0.8957064176810885,0.8163781205842452,-1.0956309691929753,0,6
-0.37967321755117256,-1.975207275919507,-0.41921907064035524,-1.4081716145004628,-1.481805419045167,0.8473248420835721,-1.1587969867881984,0.8738177721043126,0.7925514166040644,-1.0889844307702947,0,6
2.5714472444709378,1.7309049094671862,-2.2536695833447378,0.15600959159943306,0.5541301567211968,0.8053157621970513,-1.0150772713568719,0.8300404809507682,0.7925514166040644,-1.3925297352956445,0,6
0.455607289880686,0.3413057443501094,-0.6610193379335292,-0.9131246881415361,-0.5564190376165774,0.7799392365642442,-1.1744551507095247,0.8081518353739922,0.7210713046635051,-1.1176607854581921,0,6
-0.034544998292538265,-1.1721990791039811,-0.46091233055774433,-0.07669186023526166,-0.3738256758362983,0.8323080216716444,-0.4814887876340503,0.8300404809507682,0.8640315285446237,-0.22995693318209875,0,6
5.7948412561427745,6.257079550620816,-21.73256526213879,126.26122144055108,93.07013042347108,0.18913815789473887,-0.023608626064726055,0.23842105263157265,0.13526315789473387,-0.0039645415993150995,1,6
-1.701059011157625,4.38071318244134,107.48124217263376,218.9259286312667,260.5123340594024,0.06659649122806854,-0.009834727454500848,0.07842105263157606,0.045263157894730455,-0.004726134682528211,1,6
-2.782099881183882,6.180456061032608,100.05296348410923,202.48862118672417,177.10833224003176,-0.0536535087719372,-0.011912900061995864,-0.04157894736842138,-0.07473684210526699,-0.004595889365769368,1,6
1.7120794289552208,8.321171527566658,39.923284012614204,139.0619403670563,132.00043363481188,-0.16582017543859706,-0.022232599985792016,-0.1415789473684228,-0.20473684210526955,-0.004016573752651053,1,6
0.829073311085267,11.995634173817407,95.6075642244582,329.7292806145155,252.39356478540293,-0.2624868421052611,-0.02424985276833674,-0.2215789473684211,-0.314736842105269,-0.0037217769679845974,1,6
0.8401128789677443,1.6985299247042995,20.210268209277956,117.12437927242036,99.77711366707985,-0.36661184210526443,-0.009578152947090073,-0.34157894736842564,-0.37473684210526415,-0.00480091028627141,1,6
10.084521422998336,4.600837249892688,-76.055211666883,48.357754995726225,56.55847390175495,-0.4644451754386054,-0.025558011509185276,-0.42157894736842394,-0.5247368421052627,-0.0038270739349458563,1,6
5.668666280440775,2.6300745487497785,-42.214187874525464,89.51648510670043,50.3172384141358,-0.5444451754385966,-0.01952290433634176,-0.5115789473684274,-0.594736842105263,-0.004118537328407606,1,6
-5.307835138982043,-1.737723394029139,87.33503478257398,166.0288172777523,111.28554223785972,-0.6491951754385994,-0.014343036852046694,-0.6415789473684228,-0.6847368421052664,-0.004515731724143532,1,6
-11.23960026587315,1.0860659652081281,210.59892367146279,210.56112620083354,240.8161191115163,-0.770653508771936,-0.013885382464950281,-0.7415789473684242,-0.7947368421052659,-0.004535818878434437,1,6
-0.8245582182248521,-0.12914804559818685,1.4653802851510702,1.3362766744504089,1.4831393601314888,-2.155443698302227,-0.9631907113550481,-2.0641125461794516,-2.2734704196674,-0.581953756351149,0,7
0.009567983021106218,-0.26477164928275515,-0.32515741108468593,-0.12851903965566713,-0.3619073032762608,-2.304243392620959,-1.2594324840854367,-2.112619829268384,-2.4095206180097066,0.008173951419737301,0,7
-0.19719735500363153,-1.989825823968515,-0.8955336423851012,-1.5990750735595414,-1.8362060558212199,-1.7077669429378046,1.1425305584528835,-1.9185906969126199,-1.3891441304424392,1.3666590848540825,0,7
-0.3950688710344964,-0.4199863375866742,-0.09700182830565726,-1.0945711626460408,-0.927291283563122,-0.6079858468833085,0.16991093679388727,-0.7786695443224829,-0.6408680395597849,0.9075272265297533,0,7
-0.5076705431612423,-0.9390520357335399,-0.03253115467021483,-1.0457462814609486,-0.8417267110981306,-0.15244649208327704,0.7480239393218472,-0.2208357887996562,-0.005967113962375369,1.2157611801156378,0,7
0.8200790699419701,0.802258689438323,-0.6678463634215099,0.26995337245384954,0.3675977554776028,-0.033524675619826104,0.3636946367714392,-0.07531393953282435,-0.005967113962375369,-0.7612154870757861,0,7
-0.2829127618176584,-0.5022400817803133,-0.10406201734930552,-0.5504509624011288,-0.5321093245199079,1.0326438078474727,1.533374549308746,0.6522953068013178,1.0824344727760455,1.5932134463212215,0,7
0.8947786666680222,1.8548475374297324,0.37196220846373645,1.2734956147345604,1.506722681809438,0.7531283979119014,0.28785747989416766,0.8705780807015483,1.037084406661938,-1.050825465318418,0,7
1.9343279407830754,0.9423922933942548,-1.5770775640827766,0.9918041427977239,1.0995249314367437,0.9123460364827797,-0.42271268610581486,0.9918462884238967,0.7649840099773408,-0.08633051190758019,0,7
-1.835388399419115,-0.06022947801318853,2.5903348811225557,0.487245265939907,0.46211235926372907,0.03763184927234795,1.099895193468263,-0.02680665644387466,0.3114833488363294,-1.6533593629353893,0,7
-0.014555608377699604,0.9270003021248601,0.7257151156272865,1.1875537980062334,1.1200559947718507,-0.41466418326050836,-1.221756627734257,-0.2208357887996562,-0.5501679073315858,-0.03528811212042547,0,7
0.028982505976761223,0.39972081837555984,-0.24062093700939202,-0.25857360386327033,-0.5496744696006547,0.46417786865361604,1.3116876912618278,0.11871519282293996,0.6742838777491257,1.4960352985036813,0,7
-0.9786246321562473,-0.3506975779147829,0.7800326691055259,-0.9898616292139845,-0.7162815581546628,0.5982351890305788,1.891510453126591,0.36125160826765396,0.7649840099773408,-2.071967272543963,0,7
-0.5430514684990598,-0.2777430619795443,0.2064005061228102,-0.8357952192817397,-0.7405131862492069,0.10387424951727682,-0.8634207883407864,0.3127443251787215,0.039382952151732216,0.17702006509182736,0,7
2.446843497927339,1.9592375576181675,-1.6188734920749814,1.0938695882939067,1.2618816329929186,0.7132257057762503,-0.4966765449477734,0.7493098729791998,0.5155586463497893,0.3848623077709829,0,7
0.32950144688010996,0.7546414653829208,0.2129962090451662,1.7996972050435163,1.3520156096033957,0.5380863033482407,-0.794500860537916,0.7008025898902501,0.40218348106452845,-0.5781562429406037,0,7
0.6519621426772079,-0.5869936768993382,-1.3616179352857518,-0.2239040326501259,-0.5472680853113908,0.5373000434047049,-0.6704013291015307,0.7493098729791998,0.447533547178636,0.4279571069580871,0,7
-1.120859262028318,-1.5338909027382677,0.6195400427957215,-0.9601505261640415,-0.7874980832725677,0.8837458310357925,-1.0871034034680032,1.088860854601796,0.7196339438632332,-0.3012352480959055,0,7
-0.41615613415318176,-0.5855199922687209,-0.052039571764512904,-0.7532481308236127,-0.8125742646200441,0.8016799494267308,-0.7692900027230973,0.8220707976125986,0.5155586463497893,-0.4568782082757909,0,7
19.484148589165486,12.20233853886463,-128.30428737958675,146.9957760795074,79.55860280109385,-0.7836710526315898,0.015459642698016848,-0.8310526315789417,0.33736842105263776,-0.002309924971285164,1,7
10.82920747513046,12.95328850669189,-35.449761166626786,245.81388519519052,142.6362472447229,-0.8456293859649122,-0.06310364954002867,-0.7510526315789434,-0.9626315789473665,-0.0010659971253155916,1,7
12.259070687301033,9.595232424472186,-70.36881171067728,158.98062209131749,103.98218293578535,-0.9029210526315836,-0.04744891777207817,-0.8310526315789417,-0.9826315789473625,-0.0023847526592658866,1,7
9.106029296769321,11.286590058085928,-40.30618008554575,170.45792505860143,93.1431227566716,-0.9543793859649128,-0.06486883380272743,-0.8510526315789448,-1.062631578947368,-0.0007532486400988204,1,7
13.926653485961708,10.786911726805325,-87.15410974597535,144.83519588039306,88.9128980156569,-0.9945877192982522,-0.06537930644892999,-0.891052631578944,-1.112631578947365,-0.000748196469054169,1,7
3.848993642214367,12.361969338182362,18.92866617375705,112.50755410140104,106.02259853092167,-1.0415043859649202,-0.049350801631692635,-0.9810526315789403,-1.1426315789473662,-0.0022719382006815424,1,7
16.56912490868558,9.238969157474248,-104.42674596392408,125.98053773273531,104.74542654025626,-1.1330043859649166,-0.06281669877151572,-1.0510526315789406,-1.2426315789473676,-0.0013283107071486323,1,7
8.00126093138742,10.920733946939173,-13.204804942797296,147.79117534859867,138.56859155669937,-1.2299210526315818,-0.0535259642029245,-1.1610526315789471,-1.322631578947366,-0.0019850234973012196,1,7
6.5886172231138005,7.604720863048886,-24.37032235281299,147.45615740460786,104.5119817090413,-1.3146710526315886,-0.054972174427727005,-1.2310526315789403,-1.4026315789473642,-0.0018839453535833637,1,7
13.562147224261452,12.750795944700272,-65.06613741129252,232.4103375572238,128.46641546832777,-1.355212719298244,-0.0640946955671188,-1.2710526315789465,-1.4826315789473625,-0.0011273523571772356,1,7
-1.7215671894395084,-0.552869852606865,1.434538890819927,-0.2822392306093422,-0.2508496147730368,-2.3284898528332723,1.0215430536501902,-2.3524478913312588,-2.3005807966492107,1.2287937356099308,0,8
-0.7163736769983867,-0.3223551473406101,0.3150145841790053,-0.40414812646780607,-0.35841051175884403,-1.7266347935143693,0.8589898142191669,-1.5964815499308997,-1.6776206759413248,1.2163855943856405,0,8
-2.195048155037973,-1.8037779971501933,1.7120701042647166,-0.25396608064055043,-0.2868400661042477,-0.9247125304109509,2.77804874694409,-1.1240025865557342,-0.6393538080948732,2.0597514432186217,0,8
-0.3121615228426417,-0.26908443860301956,-0.19105464928675353,-0.48875158965524845,-0.47047587623373355,-0.28482816789333426,0.5341017946554116,-0.46253203783046204,-0.32787374774100414,1.069038917348144,0,8
-0.28930466617101963,-0.6129559678395232,-0.2426072773012732,-0.6337090728737821,-0.4755507340288377,0.17483036642159142,-0.24286680936514624,0.2934343035698298,0.3989130597515046,0.7169579101113399,0,8
0.8116920297271086,0.573705327461151,-0.7692501464770894,-0.17416668285285525,-0.16355628929387692,0.621261317015348,0.3329702418844703,0.576921681594956,0.6065664333208245,0.0647549870137907,0,8
0.45789390382402545,0.5882679209575532,-0.4672199516789671,-0.37119048453912196,-0.17545229927606637,0.6328354527714415,-0.4233770483682451,0.576921681594956,0.6065664333208245,0.12175488576250779,0,8
0.6831372893075142,0.8522755912651968,-0.6135829677221495,-0.09476940464225582,-0.1398354963114177,0.9618715978386241,0.02161027484413608,0.8604090596200823,1.0218731804593904,0.7983863368952755,0,8
1.1954665921686358,0.10001304838065639,-1.2415277201305583,-0.16472280331532826,-0.22583253454689997,1.2627991274980404,-0.7259406630042629,1.2383922303202282,1.2295265540287101,0.07483660175848901,0,8
-1.181459460534621,-1.2486864544346634,0.5904182070790812,-0.37677675684552353,-0.42117916291163005,1.325630150174228,-0.8725701030478471,1.4273838156703347,1.2295265540287101,0.3796115705780821,0,8
0.7627408142110064,1.3366571491418728,2.063997796838062,4.138009430558905,4.160276901483654,1.295868086801245,-0.7863081104137287,1.2383922303202282,1.2295265540287101,-0.9007535019948217,0,8
0.4188736525966171,-0.06126743608671227,-0.4626360195488091,0.00023576694508506914,-0.014256317252669874,1.0114750367935015,-0.536122594059068,1.0494006449701216,1.0218731804593904,-0.8852433254646822,0,8
1.4169728307186158,1.3633386071798066,-0.9163179689862946,-0.00560154245597585,0.0217452084033292,0.37820446613646935,1.752390274559448,0.2934343035698298,0.6065664333208245,-1.994608701791545,0,8
0.5244661549761768,-2.3271724635894167,-1.2500812254752416,-0.5299740525600348,-0.6287203811491011,0.06404935275574297,-0.9328491485950939,0.10444271821979041,0.19125968618225855,-0.6677130996276914,0,8
1.3466364411866845,0.5107814925545329,-1.38247840033365,-0.3013010664618352,-0.315065529717584,-0.07980062021331016,-1.2548940154911057,0.10444271821979041,-0.32787374774100414,-0.46414203266800913,0,8
-0.5874698379243154,-0.5532182551055801,0.14985820596011173,-0.2836852007390956,-0.33042889532930875,-0.23687817690367335,-0.8577835012370685,-0.08454886713031612,-0.32787374774100414,-0.5382031256000307,0,8
-0.29252182647150665,0.62978038395119,0.5223537602979608,0.15167681245040993,0.08134659813461267,-0.46340054813073817,-0.4865888031064834,-0.46253203783046204,-0.6393538080948732,-1.0775695144398332,0,8
0.5557434563853118,1.2695415165429706,-0.4554050280195477,-0.19130410756593696,-0.16838583807987967,-0.7378729103476048,0.19918357488437977,-0.840515208530608,-0.8470071816641931,-1.270671212241635,0,8
-0.8777168296816488,0.527026975321658,1.2039098055214021,0.2663841922702908,0.16147083874553958,-0.9462073539580622,-0.3795369789532329,-0.840515208530608,-1.0546605552334392,0.06863253114642637,0,8
8.873669043340698,12.111671168377939,-40.71379565661721,137.6439930269355,79.98470432840207,-0.9453771929824555,0.0012251436587207391,-0.9589473684210574,-0.94157894736842,0.0002930606434139184,1,8
0.2661824685989842,15.467691194354487,124.55883263905139,381.5611846975022,244.26615279070012,-0.915043859649117,-0.0033617121770821556,-0.9089473684210532,-0.9215789473684168,-7.361238910399265e-05,1,8
2.903507206978702,11.592066304772182,40.45273746304099,147.41131669201388,130.85380058776485,-0.9387105263157807,0.012019327042150914,-0.9689473684210554,-0.9215789473684168,-0.0016064167780690645,1,8
4.4390680083153455,16.205455918661528,49.346968232271706,245.2273509299057,174.2144767136516,-1.0022105263157925,-0.0002015288935301139,-1.0089473684210546,-1.0115789473684202,-0.0009377940589245918,1,8
11.093343019004791,15.899576160277007,-24.596693739559328,214.84076139549597,162.9875393546048,-1.0773771929824463,0.022663489349842525,-1.118947368421054,-1.0415789473684214,-0.0023136512786680503,1,8
-0.9039368073425891,12.971014912901744,141.50798518142426,272.5737978955141,288.37419188757156,-1.155043859649119,0.012821078174438737,-1.1889473684210543,-1.1215789473684197,-0.0015703050400180398,1,8
-2.24650374265228,10.446590515904614,111.8469682322717,225.56804734833946,176.94845535663154,-1.3370438596491212,0.04838046217023041,-1.4089473684210532,-1.2415789473684171,-0.003912012361325682,1,8
3.5120318630008143,11.592694059644717,40.824240959544454,170.3519796809939,157.07938369006013,-1.5112105263157858,0.01940338611858887,-1.5289473684210506,-1.461578947368423,-0.0021755933262729817,1,8
6.5109705963216555,14.09016121534846,14.545831868635332,250.1576028342173,170.31762596586782,-1.6070438596491243,0.009777343282082254,-1.6289473684210556,-1.5815789473684205,-0.0015003038247191909,1,8
9.843744588637847,15.80204342442223,-40.27976787883938,138.2623299523848,71.65329724254866,-1.605210526315787,0.00019354598543887616,-1.618947368421054,-1.6015789473684166,0.0005327870275525588,1,8
10.804384984989852,8.219642281018924,-78.12013703088621,87.11030194869511,49.69967639361755,-1.5477105263157824,0.007088240425129417,-1.5689473684210569,-1.5415789473684214,0.00098751714439486,1,8
-0.8344431029512179,0.8738935586237464,1.8471960123017084,1.2159545343616176,1.1036033664580622,-0.6930972590176231,0.5657196256014642,-0.747302274889597,-0.5698411378970529,-1.626501497637483,0,9
-0.9382702475881212,-1.9180951307272365,-0.44308728370150885,-1.8695525432082454,-2.018024295519127,-0.927539847363614,0.08176575817256965,-0.9464431335558361,-0.9267745978985008,-1.3737087287651273,0,9
-0.9341264348596047,0.3797039835429232,1.275053438730224,0.46213748956579787,0.21835477829668953,-1.1709677529141773,-0.6176627610994759,-1.1455839922220752,-1.2440487845664623,-0.7996018142674757,0,9
-1.300838121107466,-2.2102673410612304,-0.10701486570867771,-2.0791785458225216,-2.0903491825012734,-1.2820889234804214,-1.0872269720433516,-1.1854121639553146,-1.3630266045669495,-0.5341445459248556,0,9
0.6632671148051559,0.5985700350010562,-0.13173162225317628,0.9344851326107084,1.0117320319624319,-1.3228938043634344,-0.9764450592677424,-1.2252403356885682,-1.422515514567179,-0.3456614034042093,0,9
-1.3672128831043204,-1.339339378907689,0.5632288448461783,-0.5494135068504626,-0.6899052428486477,-1.3370724700439875,-0.8863640523154495,-1.2650685074218073,-1.3630266045669495,-0.34612937567101043,0,9
-0.8308688650111867,0.11631356709460143,1.3114547252224222,1.049524745791169,1.0346601091940006,-1.0731184728977647,0.8038993326008094,-1.1256699063554414,-1.045752417898988,1.037416006991699,0,9
-0.12494611713400847,-1.4591493826659574,-1.155228815803415,-1.8308533142458734,-1.809802563058064,-0.8061968480509174,0.33283944529225795,-0.8070445324894702,-0.6888189578975403,0.5466154680512001,0,9
-1.1941285296802364,-0.4198526094838531,1.0857667489707954,-0.04633474223188124,0.2679547350318303,-0.04384626541241081,3.527370294713519,-0.3888487292903722,0.18368505543932903,2.9360233658018156,0,9
0.9500213534677879,1.3343692824865996,0.23215658072875883,1.4758051435585986,1.3526944629754516,0.37261082190264594,-0.10119827773081916,0.3678865336413309,0.3819814221068032,-0.9729489787837498,0,9
1.5400398643969935,0.3025262627317426,-1.6086751445080847,-0.07298024532258691,-0.1792068878691156,0.3032013073501365,-0.7001473370740011,0.3678865336413309,0.2431739654395727,-0.370478557677985,0,9
1.1244625841339704,1.0961728097729848,-0.2783340637423001,0.9518713377927219,0.8428225477292139,0.5015377586723992,0.11920094711424359,0.487371048841063,0.5009592421072905,0.5203797728437097,0,9
1.6259964798325268,0.5797075667602135,-1.5390969279029525,-0.36430587866165165,-0.08747722175108992,0.5351708726123391,-0.7341780839456632,0.6068555640408093,0.46129996877379004,-0.704449890706932,0,9
-0.31810161568598067,-0.4260961279264149,-0.09682627904147978,-0.34624944926422424,-0.22996447679518267,0.6741547699229373,0.6478240372732879,0.6068555640408093,0.6992556087747506,0.8420960821357837,0,9
0.0240584884181746,0.4068712789087516,0.2180005248706803,0.22350554141592904,0.3725342646726246,0.9485778981240167,-0.21127763400262875,0.9653091096400341,0.9372112487757251,0.3397059175253155,0,9
-0.7642870874521096,0.5446814105143908,1.335405716624534,0.39516334962002364,0.7027313490600833,1.073383129754076,-0.1025338595904201,1.1246217965730199,1.0561890687762125,0.33468983979052624,0,9
0.5754207602380474,0.3044283826215669,-0.5586006995034151,0.38148039987070737,0.14999615759904283,1.3688269541675948,0.3534309484637582,1.323762655239259,1.3734632554441597,0.6961984158939925,0,9
1.0039245089517281,0.8891145511005102,-0.823959691840926,-0.2509038818971226,-0.18365136430234244,1.3729486593072888,-0.47077523757507683,1.4432471704390053,1.3338039821106593,-0.18957071622618335,0,9
1.1000318503298072,0.34644728161327976,-1.1257071982894062,0.319844432917307,0.23129743166539082,1.5064094717307195,-0.5442411145872849,1.5428175997721176,1.4527818021111467,0.010070640030967842,0,9
-0.1930777527455092,-0.37873356298518956,18.836721689317642,121.33067288875617,75.51948415410774,-0.34970394736842536,0.00025498308290415606,-0.37526315789472875,-0.3773684210526369,-0.00311959820208863,1,9
0.05387393820660691,2.0478433752900393,21.890198801993733,128.6031953125144,78.1155132835614,-0.5024956140350909,0.0020181022686483335,-0.4952631578947333,-0.48736842105263634,-0.003255277640967828,1,9
9.213536634151495,10.28258919703158,-32.45850857384028,153.06252124173972,111.69397793957828,-0.6677456140350913,0.011682254966034276,-0.695263157894729,-0.64736842105264,-0.003769487957119132,1,9
10.225763120353392,12.963278799150363,-17.005761418790485,213.61567951307688,157.61889476035938,-0.8247456140350948,-0.0029557139196125584,-0.8152631578947265,-0.8273684210526397,-0.00282794383308918,1,9
9.587541684703325,10.631485540652168,-26.29348664401573,235.96681206964195,159.08175729696703,-0.8965789473684254,-0.008494155548712704,-0.8752631578947287,-0.907368421052638,-0.0023318241087885313,1,9
3.508130477627617,5.808299206228501,-16.372315472844548,47.74191974152495,32.967893069437025,-0.9839956140350878,-0.011315987919368286,-0.955263157894727,-0.9873684210526363,-0.002171092151636387,1,9
1.7605254763635827,1.93957159724809,-13.627383040412042,29.27411346527572,18.101370992645286,-1.0159956140350914,-0.02655652717104845,-0.9752631578947302,-1.0673684210526346,-0.001137393649926304,1,9
-1.3905282537045736,-9.354005669813336,-18.585153310682358,-65.33732964639287,-58.8991919587323,-1.0313289473684222,-0.026618412740881753,-0.9952631578947333,-1.0673684210526346,-0.0010123914797497589,1,9
-2.541424817602305,-10.301762740510563,-9.40441006743913,-72.99919662784129,-64.27207401537174,-1.0286622807017594,-0.02485655522005074,-0.9752631578947302,-1.0873684210526378,-0.001331285905000179,1,9
2.571137762203577,0.2289186972785373,-30.608179626471838,-38.11030164093211,-11.001258459422445,-1.1009122807017633,0.01175817340598382,-1.175263157894733,-1.1073684210526338,-0.0033578141433376297,1,9
-1.3645514279187574,1.016631371019241,1.106207807262838,0.6844893851715593,0.3747996888476838,-1.4308304373583611,-0.04192847051557517,-1.5173553186539026,-1.4909305812048397,0.3163490486307817,0,10
0.1953172878189494,-0.45500131643172764,-0.3183107269620302,-0.16509589165018698,0.00971922720067432,-1.3492430439155723,-1.437688936929812,-1.2242955874780352,-1.4909305812048397,-0.6593049855490692,0,10
1.9047323655641804,-1.2289454974355025,-1.6061063148733747,-1.1775357634243566,-1.1358753695995691,-1.379914996337676,-1.178919473765716,-1.2975605202720086,-1.4909305812048397,-0.5029399220051228,0,10
-0.3875041154612567,-0.12596200023950255,0.022192188812803736,-0.442776444763518,-0.28625660914203555,-1.225328356130259,-0.024456361409960197,-1.2242955874780352,-1.235067655656157,0.5181730568719262,0,10
-1.7349385407884967,0.46514585290269866,1.741373850868177,1.3207150425773437,1.3799944750928974,-1.07319547211664,-0.5877790244903158,-1.0045007890961672,-1.0888602696283012,-0.05851591744018771,0,10
-0.9362738929238118,1.8755828440500286,1.8649227166903466,2.3983432021758695,2.0998727772182493,-0.7965344612692188,1.9987295962496443,-0.8579709235082467,-0.6502381115448118,1.7176952609174325,0,10
0.9553850330423632,0.19684150972222883,-0.22036306957196497,0.817075715273848,1.1622348335041646,-0.4465674841330169,0.536795189254173,-0.41838132674445866,-0.3212714929822012,0.4618062498164843,0,10
0.6747601298717549,-0.3363629988007194,-0.558057656275333,-0.08694997816327646,-0.03258458578484949,-0.20732625524057735,1.1300708387854257,-0.271851461156538,-0.06540856743349256,-2.4135291115091118,0,10
0.33529652065784005,-0.10924108867124153,-0.4301473974925697,-0.2768600249868267,-0.3763477375204273,-0.34995083400339444,0.7792531208980974,-0.41838132674445866,-0.3212714929822012,0.997890563726909,0,10
0.908191570719505,1.254784859949129,-0.4436197855241674,-0.1810153109034304,-0.23546580932197134,-0.2294100609845202,-0.19527293149754696,-0.271851461156538,-0.24816779996827332,-0.26953451122941857,0,10
0.13891360428937938,0.09659158844643162,-0.2235926873300619,-0.11638917391327558,-0.1405855087825985,-0.04169771216122833,0.3881362529358549,-0.05205666277464403,0.08079881859436322,0.6326770570200962,0,10
-0.5857192656870556,0.5096701746025439,0.8176084561497389,1.045182848877204,1.3060438698918966,0.5505776891096208,2.442807143486515,0.3875329339891179,0.6656283627056825,1.9830247295897876,0,10
-1.1710144230029962,0.9882394971466043,1.0456252698606379,0.7507732437263813,0.43619061877955934,0.912506727690501,-0.17009425794156455,0.9736523963408006,0.8849394417474401,0.27648680818026505,0,10
-1.1076256853042097,1.0525071370800034,1.142699287407237,0.653848218193579,0.7263667379134233,1.0965384422231226,-0.7510745370277538,1.1201822619287471,1.104250520789172,-0.6870600698742282,0,10
-0.6225233556683251,-1.3647753176212647,-0.3373939683620822,-1.0928300557768706,-1.20836082298636,1.0572783431228583,-0.9851168800137475,1.1201822619287471,1.03114682777527,-1.0952768245170605,0,10
0.5616887483498431,-0.851780374973394,-0.9942512536956332,-1.3233528735128133,-1.4215081384760027,1.1732183232783686,-0.22283856037708782,1.1201822619287471,1.104250520789172,0.18865281704413672,0,10
1.7947745147530363,-2.224680068176886,-1.739282476926686,-1.614291810158998,-1.764963692856295,1.2029701171278047,-0.7201380257942315,1.266712127516668,1.104250520789172,-1.2258856266809903,0,10
0.4923620246150694,-0.9189428267343318,-0.7662002225504189,-0.9708430421135047,-0.7517748271193108,1.1597226642126388,-0.8536623435610653,1.266712127516668,1.104250520789172,-0.4421757044701674,0,10
-0.051271092927003346,0.1596966541656683,-0.10330401748742843,-0.22248728662873682,-0.14149912685913574,1.3771868068853927,-0.10682233828533037,1.3033445939136414,1.3235615998309296,0.26146708147754055,0,10
0.15873346763817153,18.844247201680215,90.42386719061687,108.33730154151067,121.20155184407008,0.3694210526315729,0.018890904194257974,0.35578947368421154,0.7821052631579022,-0.0026243602547924893,1,10
11.715205325287087,2.8177710858255516,-88.70955479519864,-28.21460680065036,-37.558176072858515,0.26242105263157356,0.009002179248657819,0.2457894736842121,0.2821052631579022,-0.002777522636083826,1,10
2.013165368524483,12.857796912066359,21.218138023950246,119.12738562074475,37.809464483723275,0.14475438596491585,0.004695722531741348,0.1457894736842107,0.16210526315789764,-0.0024977955574886214,1,10
4.181710142600664,0.4323317128638742,-46.59081083968613,-50.669235885877015,-46.26383428632357,0.049712719298241836,0.009332428568498797,0.03578947368421126,0.06210526315790332,-0.0027978181273250005,1,10
2.070086304779167,9.769877300206531,21.999388023950246,104.26324970419319,75.61261804732817,-0.08637061403508284,0.016649263487379388,-0.0942105263157913,-0.06789473684209923,-0.0032826529334847748,1,10
3.5958084861794504,2.768969896507439,-36.09018319697998,-21.711385311826746,-37.520624359330554,-0.23357894736842155,0.01795837867164313,-0.2542105263157879,-0.1978947368421018,-0.003291212109859401,1,10
-0.14303513671886492,6.616422274964236,19.682833435342673,26.118156790211515,22.81701983404656,-0.39470394736841996,0.026179924414354194,-0.46421052631578874,-0.3578947368420984,-0.0036869655083558964,1,10
12.373595691830786,3.7483270336297565,-91.53177797067337,-20.586341168272384,-34.65431809449055,-0.532370614035095,0.0022313174745725445,-0.534210526315789,-0.5178947368421021,-0.0022852745067759397,1,10
10.129265619083128,-1.437601672768146,-93.0191152655234,-94.66424611050903,-75.00940142100006,-0.5815789473684134,-0.010456353908756277,-0.554210526315785,-0.5978947368421004,-0.0014129156116562379,1,10
6.631088936641902,3.5128939856935197,-53.77088936369023,-57.04383455889314,-36.67149308862531,-0.6383289473684286,-0.0056591045535846,-0.6442105263157885,-0.6378947368420995,-0.0018621942449659015,1,10
6.653255361335795,0.3106154332183344,-66.62741486066511,-32.66378852524622,-58.594595595966155,-0.7004956140350842,-0.0048427328133767295,-0.6942105263157856,-0.7178947368420978,-0.0018809445704923676,1,10
0.02495462740721166,0.015923881504427584,-16.53297804747831,-93.90123332105236,-43.56338934873003,-0.7445789473684243,-0.009647660026274686,-0.7342105263157919,-0.757894736842097,-0.0014815279139531764,1,10
0.02467247254738084,1.429665855341357,1.3526199617896613,1.837703819783482,2.2707589202388814,-0.8399589135167133,-0.7458995464357348,-0.5301979292356066,-0.9914008300459171,-0.3701368021033835,0,15
-2.3089645356074375,0.6615231892204071,1.5139777305616098,1.3939185340926008,1.3405337949965406,-0.635636034842788,-0.6249213987824643,-0.4130611774277236,-0.7499057560603658,0.10952048511776953,0,15
-1.8699593690188598,1.4060517017397203,3.2877903673656017,3.197237685895812,2.867784109841484,-0.6666850997393047,-0.850115906998947,-0.4130611774277236,-0.8706532930531414,-0.2378642178488868,0,15
0.27880242806569977,-1.3170089972775518,-0.5875647103107678,-0.5413473145340262,-0.5712417851193137,-0.5064318615636514,-0.5282883798728069,-0.2959244256198614,-0.6291582190675901,0.3351032930520324,0,15
-0.5475791119650406,-0.21915293230694735,-0.03622752373044633,-0.24328498697480547,-0.21201404438790522,-0.5635220776637215,-0.19493656027811845,-0.6473346810434688,-0.6291582190675901,-0.851218672892133,0,15
-0.40974138724082987,0.47523604931837465,0.06383601564752421,-0.140275142082529,-0.027041857975769624,-1.946707839667311,0.9309950427152921,-1.935838950929974,-1.4743909780170412,-1.1976061673614666,0,15
1.5602062275344604,0.10448967733907591,-0.8048915381668107,-0.5924034363282227,-0.6027078675558237,-0.9561425111940731,1.1791954655321402,-1.4672919436985044,-0.7499057560603658,0.9429018721815359,0,15
1.6677877739586369,1.2986676245663933,-0.6316578596172477,-0.3945293699792818,-0.4541886047494162,-1.2926743113629642,-0.052188551650259186,-1.1158816882749176,-1.2328959040314684,0.618951568902378,0,15
-0.009051601277022111,0.2971091603757226,-0.3547069256375249,-0.457480696079411,-0.4730634956111112,-0.20295229176851784,0.5259783886838887,-0.5301979292356066,-0.14616807109646598,0.2401547982694706,0,15
-0.2473463103271195,-0.15084206583740312,-0.22240136616409137,-0.3446563945584297,-0.3828336070778966,-0.1648921477018186,-0.43928643618643903,-0.06165092200413692,-0.26691560808924164,-0.7250005688000866,0,15
0.12578226526726352,-1.8532268037765367,-0.6143512339374929,-0.6002132401289118,-0.6499143587767777,0.9448615266646083,1.2482344898241968,0.17262258161158753,1.0613072988313121,1.4490564137606166,0,15
1.6449239234903168,0.19187130960884452,-0.8435451080822285,-0.604792831405978,-0.6323428242168717,1.1021100166244324,-0.6637611921728642,1.2268533478823684,0.9405597618385364,-0.5021244696443342,0,15
0.2824520952684552,-1.110797873232513,-0.5793243409597801,-0.5523615945676125,-0.5729727021585774,0.3569324591076481,1.2274453934413794,0.17262258161158753,0.578317150860188,-2.002068508002327,0,15
0.43714210634703293,-1.722032852194385,-0.6453464760597482,-0.5350714222513829,-0.5770253464852735,-0.19694279533696632,-0.9935848920341214,0.17262258161158753,-0.5084106820748144,-0.14505259841777074,0,15
-0.05102462500341071,-0.7473371108121796,-0.4084034797900139,-0.49022718221006534,-0.4823667981063736,-0.10880351434033676,-0.658735996481231,0.17262258161158753,-0.26691560808924164,0.25368834216196984,0,15
-0.898004988137686,0.16772991967772338,-0.014655743498840194,-0.3664364554357207,-0.3878247323784029,1.1752255565420657,2.789208212552454,0.40689608522731197,1.6650449837951904,2.8277683905132482,0,15
0.00890112820939665,1.1701056218979233,0.24279081571329109,0.3462687380817387,0.44540983837980475,1.4696908816898187,-0.5703744198740991,1.5782636033059758,1.5442974468024149,-0.3858072213472968,0,15
-0.34395779720101105,0.6988714265108062,-0.06637232803507556,-0.3486428131520065,-0.3054045790412211,1.4716940471670168,-0.736045712485416,1.6954003551138381,1.3028023728168634,-0.10188771631857174,0,15
0.654959305089795,-0.7809229001588357,-0.6515662570876252,-0.5634058981652476,-0.593544059815978,1.5608349109022348,-0.8429179994968418,1.8125371069217002,1.4235499098096391,-0.2583782212227636,0,15
5.281414286556171,15.617146814951969,-39.87163478093089,-307.89915624369144,-217.02001401208054,0.20556140350876717,0.03848947471236591,0.16947368421052644,0.2757894736842168,0.0037738959283832594,1,15
9.647713935137062,9.680389772816827,-38.738913335709526,412.5165775231087,236.43847371101083,0.19272807017543414,-0.008273303482286415,0.22947368421052516,0.21578947368421808,-0.0011088277300135816,1,15
-8.193962773306566,2.1597772428799082,308.3764712796751,1834.4297611786083,1300.608348511501,0.1802280701754384,-0.022457271665340388,0.22947368421052516,0.15578947368421936,-0.00029506360216414,1,15
9.15148931657805,13.430294143662383,-1.1601666513594182,590.4437695036213,428.86712743523515,0.18172807017543136,-0.01289024459485398,0.2094736842105256,0.15578947368421936,-0.0010393820799155316,1,15
8.475309694792657,14.334839372779303,218.37647127967512,2448.6097616519437,1664.7884107445925,0.17056140350876348,-0.014893454959400771,0.2094736842105256,0.15578947368421936,-0.0002139510828495658,1,15
7.018143371243852,14.724384605129263,188.78512512582893,1140.030421021134,1304.2975073217303,0.20006140350876933,-0.0013552399835466203,0.18947368421052602,0.1957894736842185,0.0013567706310691002,1,15
7.350630236270874,-4.162521799691081,-195.97479454310974,-575.0691919899832,-432.1611201891531,0.1798947368421011,0.001580558763380209,0.18947368421052602,0.1957894736842185,-0.0021834297196314965,1,15
9.030638921963316,-6.967136680084408,-228.78054091544686,-659.1243416936554,-498.2616575264575,0.12706140350877249,-0.02303136727944839,0.18947368421052602,0.09578947368421709,-0.00038492627339106907,1,15
3.81456360886105,-7.204325467746909,-179.08241029927228,-639.1982275736276,-474.7614965646254,0.1123947368421021,-0.023222259365675225,0.14947368421052687,0.07578947368421751,-0.0002738132332341243,1,15
-6.263759544297969,-1.7127321284881063,0.6647777312880407,-309.881462095606,-248.3251474241177,0.07239473684209585,-0.004879844202645891,0.08947368421052815,0.05578947368421794,-0.0018113399264058476,1,15
1.049869586907846,-6.874713590981507,-140.2536657066263,-524.1513589634258,-425.31399915893707,0.016394736842098467,-0.0200720684666292,0.04947368421052545,-0.004210526315780783,-0.0005082617479652935,1,15
